"customer_id","tag"
"1","loyalty"
"1","seasonal"
"2","email"
"2","mobile"
"2","staff"
"3","newsletter"
"4","priority"
"4","vip"
"5","loyalty"
"5","referral"
"5","seasonal"
"6","mobile"
"7","newsletter"
"7","wholesale"
"8","partner"
"8","priority"
"8","vip"
"9","loyalty"
"10","mobile"
"10","staff"
"11","newsletter"
"11","sms"
"11","wholesale"
"12","priority"
"13","loyalty"
"13","seasonal"
"14","email"
"14","mobile"
"14","staff"
"15","newsletter"
"16","priority"
"16","vip"
"17","loyalty"
"17","referral"
"17","seasonal"
"18","mobile"
"19","newsletter"
"19","wholesale"
"20","partner"
"20","priority"
"20","vip"
"21","loyalty"
"22","mobile"
"22","staff"
"23","newsletter"
"23","sms"
"23","wholesale"
"24","priority"
"25","loyalty"
"25","seasonal"
"26","email"
"26","mobile"
"26","staff"
"27","newsletter"
"28","priority"
"28","vip"
"29","loyalty"
"29","referral"
"29","seasonal"
"30","mobile"
"31","newsletter"
"31","wholesale"
"32","partner"
"32","priority"
"32","vip"
"33","loyalty"
"34","mobile"
"34","staff"
"35","newsletter"
"35","sms"
"35","wholesale"
"36","priority"
"37","loyalty"
"37","seasonal"
"38","email"
"38","mobile"
"38","staff"
"39","newsletter"
"40","priority"
"40","vip"
"41","loyalty"
"41","referral"
"41","seasonal"
"42","mobile"
"43","newsletter"
"43","wholesale"
"44","partner"
"44","priority"
"44","vip"
"45","loyalty"
"46","mobile"
"46","staff"
"47","newsletter"
"47","sms"
"47","wholesale"
"48","priority"
"49","loyalty"
"49","seasonal"
"50","email"
"50","mobile"
"50","staff"
"51","newsletter"
"52","priority"
"52","vip"
"53","loyalty"
"53","referral"
"53","seasonal"
"54","mobile"
"55","newsletter"
"55","wholesale"
"56","partner"
"56","priority"
"56","vip"
"57","loyalty"
"58","mobile"
"58","staff"
"59","newsletter"
"59","sms"
"59","wholesale"
"60","priority"
"61","loyalty"
"61","seasonal"
"62","email"
"62","mobile"
"62","staff"
"63","newsletter"
"64","priority"
"64","vip"
"65","loyalty"
"65","referral"
"65","seasonal"
"66","mobile"
"67","newsletter"
"67","wholesale"
"68","partner"
"68","priority"
"68","vip"
"69","loyalty"
"70","mobile"
"70","staff"
"71","newsletter"
"71","sms"
"71","wholesale"
"72","priority"
"73","loyalty"
"73","seasonal"
"74","email"
"74","mobile"
"74","staff"
"75","newsletter"
"76","priority"
"76","vip"
"77","loyalty"
"77","referral"
"77","seasonal"
"78","mobile"
"79","newsletter"
"79","wholesale"
"80","partner"
"80","priority"
"80","vip"
"81","loyalty"
"82","mobile"
"82","staff"
"83","newsletter"
"83","sms"
"83","wholesale"
"84","priority"
"85","loyalty"
"85","seasonal"
"86","email"
"86","mobile"
"86","staff"
"87","newsletter"
"88","priority"
"88","vip"
"89","loyalty"
"89","referral"
"89","seasonal"
"90","mobile"
"91","newsletter"
"91","wholesale"
"92","partner"
"92","priority"
"92","vip"
"93","loyalty"
"94","mobile"
"94","staff"
"95","newsletter"
"95","sms"
"95","wholesale"
"96","priority"
"97","loyalty"
"97","seasonal"
"98","email"
"98","mobile"
"98","staff"
"99","newsletter"
"100","priority"
"100","vip"
"101","loyalty"
"101","referral"
"101","seasonal"
"102","mobile"
"103","newsletter"
"103","wholesale"
"104","partner"
"104","priority"
"104","vip"
"105","loyalty"
"106","mobile"
"106","staff"
"107","newsletter"
"107","sms"
"107","wholesale"
"108","priority"
"109","loyalty"
"109","seasonal"
"110","email"
"110","mobile"
"110","staff"
"111","newsletter"
"112","priority"
"112","vip"
"113","loyalty"
"113","referral"
"113","seasonal"
"114","mobile"
"115","newsletter"
"115","wholesale"
"116","partner"
"116","priority"
"116","vip"
"117","loyalty"
"118","mobile"
"118","staff"
"119","newsletter"
"119","sms"
"119","wholesale"
"120","priority"
"121","loyalty"
"121","seasonal"
"122","email"
"122","mobile"
"122","staff"
"123","newsletter"
"124","priority"
"124","vip"
"125","loyalty"
"125","referral"
"125","seasonal"
"126","mobile"
"127","newsletter"
"127","wholesale"
"128","partner"
"128","priority"
"128","vip"
"129","loyalty"
"130","mobile"
"130","staff"
"131","newsletter"
"131","sms"
"131","wholesale"
"132","priority"
"133","loyalty"
"133","seasonal"
"134","email"
"134","mobile"
"134","staff"
"135","newsletter"
"136","priority"
"136","vip"
"137","loyalty"
"137","referral"
"137","seasonal"
"138","mobile"
"139","newsletter"
"139","wholesale"
"140","partner"
"140","priority"
"140","vip"
"141","loyalty"
"142","mobile"
"142","staff"
"143","newsletter"
"143","sms"
"143","wholesale"
"144","priority"
"145","loyalty"
"145","seasonal"
"146","email"
"146","mobile"
"146","staff"
"147","newsletter"
"148","priority"
"148","vip"
"149","loyalty"
"149","referral"
"149","seasonal"
"150","mobile"
"151","newsletter"
"151","wholesale"
"152","partner"
"152","priority"
"152","vip"
"153","loyalty"
"154","mobile"
"154","staff"
"155","newsletter"
"155","sms"
"155","wholesale"
"156","priority"
"157","loyalty"
"157","seasonal"
"158","email"
"158","mobile"
"158","staff"
"159","newsletter"
"160","priority"
"160","vip"
"161","loyalty"
"161","referral"
"161","seasonal"
"162","mobile"
"163","newsletter"
"163","wholesale"
"164","partner"
"164","priority"
"164","vip"
"165","loyalty"
"166","mobile"
"166","staff"
"167","newsletter"
"167","sms"
"167","wholesale"
"168","priority"
"169","loyalty"
"169","seasonal"
"170","email"
"170","mobile"
"170","staff"
"171","newsletter"
"172","priority"
"172","vip"
"173","loyalty"
"173","referral"
"173","seasonal"
"174","mobile"
"175","newsletter"
"175","wholesale"
"176","partner"
"176","priority"
"176","vip"
"177","loyalty"
"178","mobile"
"178","staff"
"179","newsletter"
"179","sms"
"179","wholesale"
"180","priority"
"181","loyalty"
"181","seasonal"
"182","email"
"182","mobile"
"182","staff"
"183","newsletter"
"184","priority"
"184","vip"
"185","loyalty"
"185","referral"
"185","seasonal"
"186","mobile"
"187","newsletter"
"187","wholesale"
"188","partner"
"188","priority"
"188","vip"
"189","loyalty"
"190","mobile"
"190","staff"
"191","newsletter"
"191","sms"
"191","wholesale"
"192","priority"
"193","loyalty"
"193","seasonal"
"194","email"
"194","mobile"
"194","staff"
"195","newsletter"
"196","priority"
"196","vip"
"197","loyalty"
"197","referral"
"197","seasonal"
"198","mobile"
"199","newsletter"
"199","wholesale"
"200","partner"
"200","priority"
"200","vip"
